time,height
0,-0.004024
0.03333962,-0.0185349
0.06667925,-0.0387316
0.10001887,-0.0667294
0.13335849,-0.1043983
0.16669811,-0.1473047
0.20003774,-0.2062532
0.23337736,-0.2674017
0.26671698,-0.3440002
0.3000566,-0.4279176
0.33339623,-0.5234096
0.36673585,-0.6289282
0.40007547,-0.7488984
0.43341509,-0.8719399
0.46675472,-1.0163426
0.50009434,-1.1657382
0.53343396,-1.3398157
0.56677358,-1.5237858
0.60011321,-1.7251512
0.63345283,-1.9355175