time,height
0,-0.0054153
0.03315278,-0.0157289
0.06630556,-0.0282497
0.09945833,-0.0494611
0.13261111,-0.0849623
0.16576389,-0.1291136
0.19891667,-0.1828157
0.23206944,-0.2483733
0.26522222,-0.3229299
0.298375,-0.4084249
0.33152778,-0.4996731
0.36468056,-0.5999771
0.39783333,-0.7133862
0.43098611,-0.8369604
0.46413889,-0.9730313
0.49729167,-1.1217412
0.53044444,-1.2885043
0.56359722,-1.4701588
0.59675,-1.6601403
0.62990278,-1.878492