time,height
0,-0.0218796
0.03333333,-0.0345215
0.06666667,-0.0537592
0.1,-0.0899975
0.13333333,-0.1367071
0.16666667,-0.1895618
0.2,-0.2577768
0.23333333,-0.3324139
0.26666667,-0.4155158
0.3,-0.516507
0.33333333,-0.6201848
0.36666667,-0.7388831
0.4,-0.8658231
0.43333333,-1.0018436
0.46666667,-1.1471074
0.5,-1.3042273
0.53333333,-1.4696873
0.56666667,-1.644448
0.6,-1.8318758
0.63333333,-2.0085746