time,height
0,-0.0025868
0.03321656,-0.0081189
0.06643312,-0.0185218
0.09964968,-0.0485094
0.13286624,-0.081928
0.1660828,-0.1279027
0.19929936,-0.1852032
0.23251592,-0.2504437
0.26573248,-0.3271274
0.29894904,-0.4196717
0.33216561,-0.5252925
0.36538217,-0.6360718
0.39859873,-0.760634
0.43181529,-0.9009454
0.46503185,-1.0533209
0.49824841,-1.22017
0.53146497,-1.4092328
0.56468153,-1.6233165
0.59789809,-1.8499403
0.63111465,-2.0502842