time,height
0,-0.0083091
0.03331117,-0.0165853
0.06662234,-0.0319964
0.09993351,-0.0617096
0.13324468,-0.0978272
0.16655585,-0.1438474
0.19986702,-0.2025574
0.23317819,-0.2753133
0.26648936,-0.3521474
0.29980053,-0.4415411
0.3331117,-0.5408158
0.36642287,-0.6541904
0.39973404,-0.7803309
0.43304521,-0.9155713
0.46635638,-1.0604648
0.49966755,-1.2275494
0.53297872,-1.4084658
0.56628989,-1.5963653
0.59960106,-1.8089598
0.63291223,-2.0107554