time,height
0,0
0.03296053,-0.0045177
0.06592105,-0.01195658
0.09888158,-0.02913625
0.13184211,-0.05481201
0.16480263,-0.09765788
0.19776316,-0.14112033
0.23072368,-0.19966912
0.26368421,-0.26928183
0.29664474,-0.34664683
0.32960526,-0.4393882
0.36256579,-0.53303934
0.39552632,-0.64458276
0.42848684,-0.76687204
0.46144737,-0.89918099
0.49440789,-1.04918038
0.52736842,-1.20417939
0.56032895,-1.37445779
0.59328947,-1.56004101
0.62625,-1.76412716
0.65921053,-1.97903711