time,height
0,0
0.03311728,-0.007017773
0.06623457,-0.023542714
0.09935185,-0.05038072
0.13246914,-0.085222192
0.16558642,-0.131729405
0.1987037,-0.190532472
0.23182099,-0.255088039
0.26493827,-0.333017343
0.29805556,-0.429715898
0.33117284,-0.527992525
0.36429012,-0.639821132
0.39740741,-0.764685592
0.43052469,-0.899156845
0.46364198,-1.04513624
0.49675926,-1.206196421
0.52987654,-1.385806039
0.56299383,-1.576276734
0.59611111,-1.786971859
0.6292284,-1.993849905