time,height
0,0
0.03309917,-0.0093283
0.06619835,-0.0212752
0.09929752,-0.0486269
0.13239669,-0.0844764
0.16549587,-0.1301932
0.19859504,-0.185119
0.23169421,-0.2495554
0.26479339,-0.3318224
0.29789256,-0.4203694
0.33099174,-0.5182566
0.36409091,-0.6318649
0.39719008,-0.7520298
0.43028926,-0.890668
0.46338843,-1.0327496
0.4964876,-1.1976647
0.52958678,-1.3744153
0.56268595,-1.5726373
0.59578512,-1.7828939
0.6288843,-1.9723919