time,height
0,0
0.033155556,-0.004432419
0.066311111,-0.018151832
0.099466667,-0.040507626
0.132622222,-0.070949597
0.165777778,-0.112768354
0.198933333,-0.166273347
0.232088889,-0.233402856
0.265244444,-0.304799293
0.2984,-0.393696266
0.331555556,-0.490845655
0.364711111,-0.595616786
0.397866667,-0.720421026
0.431022222,-0.855326756
0.464177778,-0.99550163
0.497333333,-1.154870203
0.530488889,-1.335269409
0.563644444,-1.526413685
0.5968,-1.73258054
0.629955556,-1.953519716