time,height
0,0.0429775
0.03322123,0.02856827
0.06644245,0.01185454
0.09966368,-0.0176189
0.1328849,-0.0549761
0.16610613,-0.1057238
0.19932735,-0.1593338
0.23254858,-0.2385118
0.26576981,-0.315264
0.29899103,-0.4124171
0.33221226,-0.5191763
0.36543348,-0.6336981
0.39865471,-0.7680629
0.43187593,-0.9036892
0.46509716,-1.0476844
0.49831839,-1.2216382
0.53153961,-1.388266
0.56476084,-1.6073639
0.59798206,-1.8227988
0.63120329,-1.9391157