time,height
0,-0.0267231
0.03318996,-0.0315039
0.06637993,-0.053749
0.09956989,-0.084714
0.13275986,-0.1159345
0.16594982,-0.1574972
0.19913978,-0.217357
0.23232975,-0.2827518
0.26551971,-0.368778
0.29870968,-0.4621926
0.33189964,-0.5593322
0.36508961,-0.6698778
0.39827957,-0.7963388
0.43146953,-0.930984
0.4646595,-1.0695464
0.49784946,-1.2288827
0.53103943,-1.4081887
0.56422939,-1.5965914
0.59741935,-1.8235464
0.63060932,-2.0267653