time,height
0,0.00243167
0.032833333,-0.008724938
0.065666667,-0.033411734
0.0985,-0.056307445
0.131333333,-0.103684872
0.164166667,-0.141827192
0.197,-0.215926661
0.229833333,-0.290453835
0.262666667,-0.382554358
0.2955,-0.472886475
0.328333333,-0.581214136
0.361166667,-0.711254697
0.394,-0.831689935
0.426833333,-0.976051146
0.459666667,-1.146184571
0.4925,-1.313596569
0.525333333,-1.501549847
0.558166667,-1.716215265
0.591,-1.939756555
0.623833333,-1.950215068